dishes_zones,name_of_dish,file
Yoruba,amala,0_0_0001.jpeg
Yoruba,amala,0_0_0002.jpeg
Yoruba,amala,0_0_0003.jpeg
Yoruba,amala,0_0_0004.jpeg
Yoruba,amala,0_0_0005.jpeg
Yoruba,amala,0_0_0006.jpeg
Yoruba,amala,0_0_0007.jpeg
Yoruba,amala,0_0_0008.jpeg
Yoruba,amala,0_0_0009.jpeg
Yoruba,amala,0_0_0010.jpeg
Yoruba,amala,0_0_0011.jpeg
Yoruba,amala,0_0_0012.jpeg
Yoruba,amala,0_0_0013.jpeg
Yoruba,amala,0_0_0014.jpeg
Yoruba,amala,0_0_0015.jpeg
Yoruba,amala,0_0_0016.jpeg
Yoruba,amala,0_0_0017.jpeg
Yoruba,amala,0_0_0018.jpeg
Yoruba,amala,0_0_0019.jpeg
Yoruba,amala,0_0_0020.jpeg
Yoruba,amala,0_0_0021.jpeg
Yoruba,amala,0_0_0022.jpeg
Yoruba,amala,0_0_0023.jpeg
Yoruba,amala,0_0_0024.jpeg
Yoruba,amala,0_0_0025.jpeg
Yoruba,amala,0_0_0026.jpeg
Yoruba,amala,0_0_0027.jpeg
Yoruba,amala,0_0_0028.jpeg
Yoruba,amala,0_0_0029.jpeg
Yoruba,amala,0_0_0030.jpeg
Yoruba,amala,0_0_0031.jpeg
Yoruba,amala,0_0_0032.jpeg
Yoruba,amala,0_0_0033.jpeg
Yoruba,amala,0_0_0034.jpeg
Yoruba,amala,0_0_0035.jpeg
Yoruba,amala,0_0_0036.jpeg
Yoruba,amala,0_0_0037.jpeg
Yoruba,amala,0_0_0038.jpeg
Yoruba,amala,0_0_0039.jpeg
Yoruba,amala,0_0_0040.jpeg
Yoruba,amala,0_0_0041.jpeg
Yoruba,amala,0_0_0042.jpeg
Yoruba,amala,0_0_0043.jpeg
Yoruba,amala,0_0_0044.jpeg
Yoruba,amala,0_0_0045.jpeg
Yoruba,amala,0_0_0046.jpeg
Yoruba,amala,0_0_0047.jpeg
Yoruba,amala,0_0_0048.jpeg
Yoruba,amala,0_0_0049.jpeg
Yoruba,amala,0_0_0050.jpeg
Yoruba,amala,0_0_0051.jpeg
Yoruba,amala,0_0_0052.jpeg
Yoruba,amala,0_0_0053.jpeg
Yoruba,amala,0_0_0054.jpeg
Yoruba,amala,0_0_0055.jpeg
Yoruba,amala,0_0_0056.jpeg
Yoruba,amala,0_0_0057.jpeg
Yoruba,amala,0_0_0058.jpeg
Yoruba,amala,0_0_0059.jpeg
Yoruba,amala,0_0_0060.jpeg
Yoruba,amala,0_0_0061.jpeg
Yoruba,amala,0_0_0062.jpeg
Yoruba,amala,0_0_0063.jpeg
Yoruba,amala,0_0_0064.jpeg
Yoruba,amala,0_0_0065.jpeg
Yoruba,amala,0_0_0066.jpeg
Yoruba,amala,0_0_0067.jpeg
Yoruba,amala,0_0_0068.jpeg
Yoruba,eba,0_1_0001.jpeg
Yoruba,eba,0_1_0002.jpeg
Yoruba,eba,0_1_0003.jpeg
Yoruba,eba,0_1_0004.jpeg
Yoruba,eba,0_1_0005.jpeg
Yoruba,eba,0_1_0006.jpeg
Yoruba,eba,0_1_0007.jpeg
Yoruba,eba,0_1_0008.jpeg
Yoruba,eba,0_1_0009.jpeg
Yoruba,eba,0_1_0010.jpeg
Yoruba,eba,0_1_0011.jpeg
Yoruba,eba,0_1_0012.jpeg
Yoruba,eba,0_1_0013.jpeg
Yoruba,eba,0_1_0014.jpeg
Yoruba,eba,0_1_0015.jpeg
Yoruba,eba,0_1_0016.jpeg
Yoruba,eba,0_1_0017.jpeg
Yoruba,eba,0_1_0018.jpeg
Yoruba,eba,0_1_0019.jpeg
Yoruba,eba,0_1_0020.jpeg
Yoruba,eba,0_1_0021.jpeg
Yoruba,eba,0_1_0022.jpeg
Yoruba,eba,0_1_0023.jpeg
Yoruba,eba,0_1_0024.jpeg
Yoruba,eba,0_1_0025.jpeg
Yoruba,eba,0_1_0026.jpeg
Yoruba,eba,0_1_0027.jpeg
Yoruba,eba,0_1_0028.jpeg
Yoruba,eba,0_1_0029.jpeg
Yoruba,eba,0_1_0030.jpeg
Yoruba,eba,0_1_0031.jpeg
Yoruba,eba,0_1_0032.jpeg
Yoruba,eba,0_1_0033.jpeg
Yoruba,eba,0_1_0033.jpeg
Yoruba,eba,0_1_0034.jpeg
Yoruba,eba,0_1_0035.jpeg
Yoruba,eba,0_1_0036.jpeg
Yoruba,eba,0_1_0036.jpeg
Yoruba,eba,0_1_0037.jpeg
Yoruba,eba,0_1_0038.jpeg
Yoruba,eba,0_1_0039.jpeg
Yoruba,efo,0_2_0001.jpeg
Yoruba,efo,0_2_0002.jpeg
Yoruba,efo,0_2_0003.jpeg
Yoruba,efo,0_2_0004.jpeg
Yoruba,efo,0_2_0005.jpeg
Yoruba,efo,0_2_0006.jpeg
Yoruba,efo,0_2_0007.jpeg
Yoruba,efo,0_2_0008.jpeg
Yoruba,efo,0_2_0009.jpeg
Yoruba,efo,0_2_0010.jpeg
Yoruba,efo,0_2_0011.jpeg
Yoruba,efo,0_2_0012.jpeg
Yoruba,efo,0_2_0013.jpeg
Yoruba,efo,0_2_0014.jpeg
Yoruba,efo,0_2_0015.jpeg
Yoruba,efo,0_2_0016.jpeg
Yoruba,efo,0_2_0017.jpeg
Yoruba,efo,0_2_0018.jpeg
Yoruba,efo,0_2_0019.jpeg
Yoruba,efo,0_2_0020.jpeg
Yoruba,efo,0_2_0021.jpeg
Yoruba,efo,0_2_0022.jpeg
Yoruba,efo,0_2_0023.jpeg
Yoruba,efo,0_2_0024.jpeg
Yoruba,efo,0_2_0025.jpeg
Yoruba,efo,0_2_0026.jpeg
Yoruba,efo,0_2_0027.jpeg
Yoruba,efo,0_2_0028.jpeg
Yoruba,efo,0_2_0029.jpeg
Yoruba,efo,0_2_0030.jpeg
Yoruba,efo,0_2_0031.jpeg
Yoruba,efo,0_2_0032.jpeg
Yoruba,efo,0_2_0033.jpeg
Yoruba,efo,0_2_0034.jpeg
Yoruba,efo,0_2_0035.jpeg
Yoruba,efo,0_2_0036.jpeg
Yoruba,efo,0_2_0037.jpeg
Yoruba,efo,0_2_0038.jpeg
Yoruba,efo,0_2_0039.jpeg
Yoruba,efo,0_2_0040.jpeg
Yoruba,efo,0_2_0041.jpeg
Yoruba,efo,0_2_0042.jpeg
Yoruba,efo,0_2_0043.jpeg
Yoruba,efo,0_2_0044.jpeg
Yoruba,efo,0_2_0045.jpeg
Yoruba,efo,0_2_0046.jpeg
Yoruba,efo,0_2_0047.jpeg
Yoruba,efo,0_2_0048.jpeg
Yoruba,efo,0_2_0049.jpeg
Yoruba,efo,0_2_0050.jpeg
Yoruba,efo,0_2_0051.jpeg
Yoruba,efo,0_2_0052.jpeg
Yoruba,efo,0_2_0053.jpeg
Yoruba,efo,0_2_0054.jpeg
Yoruba,efo,0_2_0055.jpeg
Yoruba,efo,0_2_0056.jpeg
Yoruba,efo,0_2_0057.jpeg
Yoruba,efo,0_2_0058.jpeg
Yoruba,efo,0_2_0059.jpeg
Yoruba,efo,0_2_0060.jpeg
Yoruba,efo,0_2_0061.jpeg
Yoruba,efo,0_2_0062.jpeg
Yoruba,efo,0_2_0063.jpeg
Yoruba,efo,0_2_0064.jpeg
Yoruba,efo,0_2_0065.jpeg
Yoruba,efo,0_2_0066.jpeg
Yoruba,efo,0_2_0067.jpeg
Yoruba,efo,0_2_0068.jpeg
Yoruba,efo,0_2_0069.jpeg
Yoruba,efo,0_2_0070.jpeg
Yoruba,ewedu,0_3_0001.jpeg
Yoruba,ewedu,0_3_0002.jpeg
Yoruba,ewedu,0_3_0003.jpeg
Yoruba,ewedu,0_3_0004.jpeg
Yoruba,ewedu,0_3_0005.jpeg
Yoruba,ewedu,0_3_0006.jpeg
Yoruba,ewedu,0_3_0007.jpeg
Yoruba,ewedu,0_3_0008.jpeg
Yoruba,ewedu,0_3_0009.jpeg
Yoruba,ewedu,0_3_0010.jpeg
Yoruba,ewedu,0_3_0011.jpeg
Yoruba,ewedu,0_3_0012.jpeg
Yoruba,ewedu,0_3_0013.jpeg
Yoruba,ewedu,0_3_0014.jpeg
Yoruba,ewedu,0_3_0015.jpeg
Yoruba,ewedu,0_3_0016.jpeg
Yoruba,ewedu,0_3_0017.jpeg
Yoruba,ewedu,0_3_0018.jpeg
Yoruba,ewedu,0_3_0019.jpeg
Yoruba,ewedu,0_3_0020.jpeg
Yoruba,ewedu,0_3_0021.jpeg
Yoruba,ewedu,0_3_0022.jpeg
Yoruba,ewedu,0_3_0023.jpeg
Yoruba,ewedu,0_3_0024.jpeg
Yoruba,ewedu,0_3_0025.jpeg
Yoruba,ewedu,0_3_0026.jpeg
Yoruba,ewedu,0_3_0027.jpeg
Yoruba,ewedu,0_3_0028.jpeg
Yoruba,ewedu,0_3_0029.jpeg
Yoruba,ewedu,0_3_0030.jpeg
Yoruba,ewedu,0_3_0031.jpeg
Yoruba,ewedu,0_3_0032.jpeg
Yoruba,ewedu,0_3_0033.jpeg
Yoruba,ewedu,0_3_0034.jpeg
Yoruba,ewedu,0_3_0035.jpeg
Yoruba,ewedu,0_3_0036.jpeg
Yoruba,ewedu,0_3_0037.jpeg
Yoruba,ewedu,0_3_0038.jpeg
Yoruba,ewedu,0_3_0039.jpeg
Yoruba,ewedu,0_3_0040.jpeg
Yoruba,fufu,0_4_0001.jpeg
Yoruba,fufu,0_4_0002.jpeg
Yoruba,fufu,0_4_0003.jpeg
Yoruba,fufu,0_4_0004.jpeg
Yoruba,fufu,0_4_0005.jpeg
Yoruba,fufu,0_4_0006.jpeg
Yoruba,fufu,0_4_0007.jpeg
Yoruba,fufu,0_4_0008.jpeg
Yoruba,fufu,0_4_0009.jpeg
Yoruba,fufu,0_4_0010.jpeg
Yoruba,fufu,0_4_0011.jpeg
Yoruba,fufu,0_4_0012.jpeg
Yoruba,fufu,0_4_0013.jpeg
Yoruba,fufu,0_4_0014.jpeg
Yoruba,fufu,0_4_0015.jpeg
Yoruba,fufu,0_4_0016.jpeg
Yoruba,fufu,0_4_0017.jpeg
Yoruba,fufu,0_4_0018.jpeg
Yoruba,fufu,0_4_0019.jpeg
Yoruba,fufu,0_4_0020.jpeg
Yoruba,fufu,0_4_0021.jpeg
Yoruba,fufu,0_4_0022.jpeg
Yoruba,fufu,0_4_0023.jpeg
Yoruba,fufu,0_4_0024.jpeg
Yoruba,fufu,0_4_0025.jpeg
Yoruba,fufu,0_4_0026.jpeg
Yoruba,fufu,0_4_0027.jpeg
Yoruba,fufu,0_4_0028.jpeg
Yoruba,iyan,0_5_0001.jpeg
Yoruba,iyan,0_5_0002.jpeg
Yoruba,iyan,0_5_0003.jpeg
Yoruba,iyan,0_5_0004.jpeg
Yoruba,iyan,0_5_0005.jpeg
Yoruba,iyan,0_5_0006.jpeg
Yoruba,iyan,0_5_0007.jpeg
Yoruba,iyan,0_5_0008.jpeg
Yoruba,iyan,0_5_0009.jpeg
Yoruba,iyan,0_5_0010.jpeg
Yoruba,iyan,0_5_0011.jpeg
Yoruba,iyan,0_5_0012.jpeg
Yoruba,iyan,0_5_0013.jpeg
Yoruba,iyan,0_5_0014.jpeg
Yoruba,iyan,0_5_0015.jpeg
Yoruba,iyan,0_5_0016.jpeg
Yoruba,iyan,0_5_0017.jpeg
Yoruba,iyan,0_5_0018.jpeg
Yoruba,iyan,0_5_0019.jpeg
Yoruba,iyan,0_5_0020.jpeg
Yoruba,iyan,0_5_0021.jpeg
Yoruba,iyan,0_5_0022.jpeg
Yoruba,iyan,0_5_0023.jpeg
Yoruba,iyan,0_5_0024.jpeg
Yoruba,iyan,0_5_0025.jpeg
Yoruba,iyan,0_5_0026.jpeg
Yoruba,iyan,0_5_0027.jpeg
Yoruba,iyan,0_5_0028.jpeg
Yoruba,iyan,0_5_0029.jpeg
Yoruba,iyan,0_5_0030.jpeg
Yoruba,iyan,0_5_0031.jpeg
Yoruba,iyan,0_5_0032.jpeg
Yoruba,iyan,0_5_0033.jpeg
Yoruba,iyan,0_5_0034.jpeg
Yoruba,iyan,0_5_0035.jpeg
Yoruba,iyan,0_5_0036.jpeg
Yoruba,iyan,0_5_0037.jpeg
Yoruba,iyan,0_5_0038.jpeg
Yoruba,iyan,0_5_0039.jpeg
Yoruba,iyan,0_5_0040.jpeg
Yoruba,iyan,0_5_0041.jpeg
Yoruba,iyan,0_5_0042.jpeg
Yoruba,iyan,0_5_0043.jpeg
Yoruba,iyan,0_5_0044.jpeg
Yoruba,iyan,0_5_0045.jpeg
Yoruba,iyan,0_5_0046.jpeg
Yoruba,iyan,0_5_0047.jpeg
Yoruba,iyan,0_5_0048.jpeg
Yoruba,iyan,0_5_0049.jpeg
Yoruba,iyan,0_5_0050.jpeg
Yoruba,iyan,0_5_0051.jpeg
Yoruba,iyan,0_5_0052.jpeg
Yoruba,iyan,0_5_0053.jpeg
Yoruba,iyan,0_5_0054.jpeg
Yoruba,iyan,0_5_0055.jpeg
Yoruba,iyan,0_5_0056.jpeg
Yoruba,iyan,0_5_0057.jpeg
Yoruba,iyan,0_5_0058.jpeg
Yoruba,iyan,0_5_0059.jpeg
Yoruba,iyan,0_5_0060.jpeg
Yoruba,iyan,0_5_0061.jpeg
Yoruba,iyan,0_5_0062.jpeg
Yoruba,iyan,0_5_0063.jpeg
Yoruba,iyan,0_5_0064.jpeg
Yoruba,iyan,0_5_0065.jpeg
Yoruba,iyan,0_5_0066.jpeg
Yoruba,iyan,0_5_0067.jpeg
Yoruba,iyan,0_5_0068.jpeg
Yoruba,iyan,0_5_0069.jpeg
Yoruba,iyan,0_5_0070.jpeg
Yoruba,iyan,0_5_0071.jpeg
Yoruba,iyan,0_5_0072.jpeg
Yoruba,iyan,0_5_0073.jpeg
Yoruba,iyan,0_5_0074.jpeg
Yoruba,iyan,0_5_0075.jpeg
Yoruba,iyan,0_5_0076.jpeg
Yoruba,iyan,0_5_0077.jpeg
Yoruba,iyan,0_5_0078.jpeg
Yoruba,iyan,0_5_0079.jpeg
Yoruba,iyan,0_5_0080.jpeg
Yoruba,iyan,0_5_0081.jpeg
Yoruba,iyan,0_5_0082.jpeg
Yoruba,iyan,0_5_0083.jpeg
Yoruba,iyan,0_5_0084.jpeg
Yoruba,iyan,0_5_0085.jpeg
Yoruba,iyan,0_5_0086.jpeg
Yoruba,iyan,0_5_0087.jpeg
Yoruba,iyan,0_5_0088.jpeg
Yoruba,iyan,0_5_0089.jpeg
Yoruba,iyan,0_5_0090.jpeg
Yoruba,iyan,0_5_0091.jpeg
